<assembly xmlns="http://maven.apache.org/ASSEMBLY/2.2.0" xmlns:xsi="http://www.w3.org/2001/XMLSchema-instance"
  xsi:schemaLocation="http://maven.apache.org/ASSEMBLY/2.2.0 https://maven.apache.org/xsd/assembly-2.2.0.xsd">
  <id>zip</id>
  <formats>
    <format>zip</format>
  </formats>
  <includeBaseDirectory>false</includeBaseDirectory>
  <files>
    <file>
        <source>${project.basedir}/src/assembly/src.xml</source>
        <outputDirectory>/</outputDirectory>
    </file>
  </files>

</assembly>
